id,first_name,last_name,email,salary
1,Harley,Neild,hneild0@time.com,53442.21
2,Mellisent,Elkins,melkins1@hp.com,19057.32
3,Carlee,Labuschagne,clabuschagne2@etsy.com,99978.23
4,Ema,Vany,evany3@ebay.co.uk,78283.21
5,Dian,Roocroft,droocroft4@qq.com,34938.14
6,Zarah,Kasbye,zkasbye5@amazon.co.jp,16853.60
7,Aloise,Depka,adepka6@noaa.gov,34014.18
8,Hardy,Kerwen,hkerwen7@yolasite.com,15474.32
9,Chelsea,Aleso,caleso8@arstechnica.com,19713.44
10,Arlyne,Eddowes,aeddowes9@twitter.com,14162.15
11,Sigrid,Whittington,swhittingtona@answers.com,78387.34
12,Karim,Trime,ktrimeb@mayoclinic.com,95590.86
13,Lissy,Kissick,lkissickc@wp.com,45373.75
14,Renado,Matusiak,rmatusiakd@homestead.com,48593.30
15,Nariko,Lamborn,nlamborne@vistaprint.com,30343.08
16,Garner,Phaup,gphaupf@google.co.uk,98611.02
17,Ingaberg,Mattis,imattisg@nytimes.com,68263.24
18,Jennilee,Hatherell,jhatherellh@comcast.net,82781.28
19,Leonardo,Blackney,lblackneyi@ycombinator.com,54218.62
20,Eleen,Divill,edivillj@sakura.ne.jp,79362.06
21,Jennica,Dumingos,jdumingosk@bloglovin.com,65494.15
22,Shepherd,O'Kennedy,sokennedyl@cocolog-nifty.com,96219.25
23,Eveleen,Coatman,ecoatmanm@baidu.com,60975.17
24,Mordy,MacCurlye,mmaccurlyen@elegantthemes.com,23227.06
25,Riordan,Bilsborrow,rbilsborrowo@rambler.ru,4375.22
26,Ailee,Kevern,akevernp@phpbb.com,88623.68
27,Marlo,Trevorrow,mtrevorrowq@unc.edu,86981.12
28,Filippo,Gingold,fgingoldr@chronoengine.com,40639.08
29,Iolande,Crilly,icrillys@sbwire.com,77157.13
30,Lexi,Coatham,lcoathamt@cyberchimps.com,24628.57
31,Elita,Cadd,ecaddu@noaa.gov,27132.53
32,Brody,Schruyers,bschruyersv@sitemeter.com,71058.48
33,Marten,Veronique,mveroniquew@oracle.com,50765.42
34,Frederico,Messom,fmessomx@ow.ly,36441.20
35,Jana,Pontain,jpontainy@amazon.co.uk,53427.68
36,Dulcia,Ferrandez,dferrandezz@simplemachines.org,19172.84
37,Christi,Simonetti,csimonetti10@fda.gov,99113.11
38,Pia,Clymo,pclymo11@flickr.com,41635.10
39,Joceline,McOrkill,jmcorkill12@auda.org.au,48742.38
40,Klarrisa,Weild,kweild13@nps.gov,13945.65
41,Kori,Faulks,kfaulks14@fc2.com,32972.88
42,Diena,Ivanchenkov,divanchenkov15@pen.io,89469.94
43,Chloris,Stratten,cstratten16@networksolutions.com,41702.47
44,Clayton,Halladey,challadey17@hao123.com,43034.12
45,Wilona,Lys,wlys18@list-manage.com,78798.89
46,Hans,Tuohy,htuohy19@cbc.ca,79877.30
47,Naomi,Joutapaitis,njoutapaitis1a@imgur.com,75081.20
48,Alon,Hurdman,ahurdman1b@salon.com,63824.84
49,Jenine,Chang,jchang1c@state.tx.us,22528.55
50,Frayda,Nijssen,fnijssen1d@photobucket.com,52911.16
51,Cameron,McKeller,cmckeller1e@unc.edu,99266.22
52,Carmelia,Hymers,chymers1f@cyberchimps.com,44399.51
53,Dulcy,Reah,dreah1g@mysql.com,6129.57
54,Rene,Santos,rsantos1h@washingtonpost.com,75393.18
55,Freddie,Venney,fvenney1i@webnode.com,14949.40
56,Carolann,Hamner,chamner1j@chronoengine.com,88115.75
57,Gianina,Giriardelli,ggiriardelli1k@wikipedia.org,52574.09
58,Orson,Berrey,oberrey1l@abc.net.au,85263.47
59,Augusta,Sarten,asarten1m@latimes.com,37505.63
60,Idette,Halbeard,ihalbeard1n@nbcnews.com,9207.18
61,Annmaria,Feather,afeather1o@upenn.edu,53320.11
62,Ema,Patnelli,epatnelli1p@addtoany.com,84889.39
63,Gloriana,Straughan,gstraughan1q@example.com,5406.09
64,Mamie,Pear,mpear1r@wired.com,37011.70
65,Bartlett,Rogerson,brogerson1s@1688.com,64345.95
66,Gerome,Stanistreet,gstanistreet1t@japanpost.jp,2748.44
67,Kial,Anwell,kanwell1u@bing.com,89166.26
68,Westbrook,Brimelow,wbrimelow1v@github.io,73021.06
69,Aldo,Buddington,abuddington1w@answers.com,77742.69
70,Drucie,Debling,ddebling1x@nifty.com,67792.27
71,Daveen,Jenkyn,djenkyn1y@comcast.net,24057.79
72,Northrop,Pennacci,npennacci1z@youtube.com,62461.10
73,Maxim,McGivena,mmcgivena20@typepad.com,75858.61
74,Harlan,Ert,hert21@vistaprint.com,69922.15
75,Albertina,Dudgeon,adudgeon22@miibeian.gov.cn,56510.65
76,Siegfried,Divall,sdivall23@google.co.jp,10419.56
77,Laryssa,Van Dalen,lvandalen24@chronoengine.com,84860.93
78,Dari,Berthe,dberthe25@upenn.edu,54183.54
79,Aleksandr,Stearley,astearley26@desdev.cn,39020.95
